user_id,item_id,progress,rating,start_date
126706,14433,80,,2018-01-01
127290,140952,58,,2018-01-01
66991,198453,89,,2018-01-01
46791,83486,23,5.0,2018-01-01
79313,188770,88,5.0,2018-01-01
63454,78434,87,,2018-01-01
127451,14876,69,,2018-01-01
42797,315927,69,5.0,2018-01-01
47287,258483,22,,2018-01-01
23439,9762,74,4.0,2018-01-01
47551,64060,55,,2018-01-01
42856,273905,62,,2018-01-01
59484,161786,27,,2018-01-01
142154,147759,0,,2018-01-01
64211,47139,12,,2018-01-01
7074,164341,15,,2018-01-01
14569,185997,80,,2018-01-01
65636,148785,97,,2018-01-01
125501,51980,100,,2018-01-01
115029,34757,1,4.0,2018-01-01
129929,16620,90,4.0,2018-01-01
80469,8663,28,,2018-01-01
88088,166623,62,,2018-01-01
18548,153547,42,5.0,2018-01-01
91177,52112,28,2.0,2018-01-01
1011,18519,26,,2018-01-01
8569,168550,69,,2018-01-01
70824,145563,78,,2018-01-01
33450,316392,51,,2018-01-01
137220,167814,99,,2018-01-01
11142,282866,95,4.0,2018-01-01
125178,15453,66,,2018-01-01
50172,200517,98,,2018-01-01
49508,277890,61,,2018-01-01
64786,311126,75,5.0,2018-01-01
133008,281585,81,,2018-01-01
85714,167526,0,,2018-01-01
105213,68443,100,,2018-01-01
39623,246907,53,5.0,2018-01-01
2953,191548,17,,2018-01-01
32533,303571,39,4.0,2018-01-01
144602,5044,10,,2018-01-01
77247,179132,88,,2018-01-01
132581,300112,0,,2018-01-01
2129,29100,87,,2018-01-01
67255,67075,16,,2018-01-01
73724,306961,11,,2018-01-01
88118,151217,11,,2018-01-01
3857,241678,39,4.0,2018-01-01
89204,197296,28,,2018-01-01
152601,174779,4,,2018-01-01
13255,194177,89,,2018-01-01
63959,203832,0,,2018-01-01
89035,214544,73,,2018-01-01
51355,285667,71,,2018-01-01
157504,312117,84,,2018-01-01
12230,53448,85,,2018-01-01
105213,249337,100,,2018-01-01
40350,177119,25,,2018-01-01
141998,199364,26,,2018-01-01
52841,268973,82,,2018-01-01
109896,231497,0,,2018-01-01
127918,50441,27,,2018-01-01
130323,265115,48,,2018-01-01
54486,79527,19,,2018-01-01
132581,217122,0,,2018-01-01
109896,283519,0,,2018-01-01
7855,12241,1,,2018-01-01
135292,111888,46,5.0,2018-01-01
93981,220359,30,,2018-01-01
57170,269175,21,,2018-01-01
137065,138504,51,,2018-01-01
82644,13823,37,,2018-01-01
63549,289853,56,,2018-01-01
99430,54393,29,5.0,2018-01-01
48543,121576,92,,2018-01-01
22827,129025,8,,2018-01-01
142977,311020,0,3.0,2018-01-01
98495,128652,100,,2018-01-01
36257,192863,86,,2018-01-01
154822,213283,61,,2018-01-01
68949,207724,27,,2018-01-01
91527,258019,56,,2018-01-01
59362,160294,26,,2018-01-01
50171,54384,62,,2018-01-01
14500,14742,63,,2018-01-01
35966,51026,56,5.0,2018-01-01
145013,21501,35,,2018-01-01
20883,201695,22,,2018-01-01
150719,208830,46,,2018-01-01
141875,71527,0,,2018-01-01
69574,276380,25,5.0,2018-01-01
46125,308861,100,4.0,2018-01-01
20628,67909,72,,2018-01-01
78882,257448,55,5.0,2018-01-01
101555,238153,12,,2018-01-01
53839,294476,8,,2018-01-01
24320,244114,21,4.0,2018-01-01
119824,238353,74,,2018-01-01
116297,14762,20,,2018-01-01
36913,292838,100,,2018-01-01
79018,296512,62,5.0,2018-01-01
101176,250030,94,,2018-01-01
135120,4494,0,,2018-01-01
134526,252971,56,5.0,2018-01-01
84843,223194,3,5.0,2018-01-01
52376,166133,40,,2018-01-01
104000,28572,33,5.0,2018-01-01
24608,216463,41,,2018-01-01
77948,73317,38,,2018-01-01
69493,236677,90,,2018-01-01
155086,131314,13,4.0,2018-01-01
15974,155266,0,,2018-01-01
85219,155266,100,,2018-01-01
106346,270599,70,,2018-01-01
94694,234074,56,,2018-01-01
154955,204930,0,,2018-01-01
90067,72200,50,,2018-01-01
88951,168251,35,,2018-01-01
108224,307251,31,,2018-01-01
136537,297189,27,,2018-01-01
36859,40740,32,4.0,2018-01-01
68099,50450,0,,2018-01-01
10584,268381,85,,2018-01-01
143703,99410,72,3.0,2018-01-01
125481,50450,0,,2018-01-01
145087,34017,3,,2018-01-01
125090,7100,15,,2018-01-01
21018,319366,24,,2018-01-01
27369,220174,13,,2018-01-01
90600,137350,20,,2018-01-01
109896,302229,1,,2018-01-01
93196,117299,44,,2018-01-01
41043,35203,24,,2018-01-01
137188,101824,80,5.0,2018-01-01
3593,313137,4,,2018-01-01
149619,224912,60,,2018-01-01
105213,134920,2,,2018-01-01
131357,73675,70,5.0,2018-01-01
145006,98865,2,,2018-01-01
89029,98865,0,,2018-01-01
15715,98865,100,,2018-01-01
117776,248204,95,5.0,2018-01-01
36733,109040,95,,2018-01-01
158234,87751,59,,2018-01-01
52541,39048,53,,2018-01-01
113164,217164,76,,2018-01-01
110780,110072,9,,2018-01-01
150560,193193,82,,2018-01-01
138614,175162,61,,2018-01-01
96611,86342,34,,2018-01-01
22217,305601,11,,2018-01-01
63959,276904,0,,2018-01-01
77683,29023,38,,2018-01-01
102843,55658,53,5.0,2018-01-01
17613,12252,8,,2018-01-01
84909,204715,1,,2018-01-01
2962,315237,87,4.0,2018-01-01
143931,44244,9,,2018-01-01
41217,273205,36,,2018-01-01
136231,296510,65,3.0,2018-01-01
25743,257663,83,,2018-01-01
70583,218525,85,5.0,2018-01-01
86301,844,0,,2018-01-01
133134,47910,26,5.0,2018-01-01
59709,86823,63,,2018-01-01
141480,79142,61,,2018-01-01
59819,318150,43,,2018-01-01
24438,185522,100,5.0,2018-01-01
10040,80663,7,,2018-01-01
8603,294458,100,,2018-01-01
157891,153868,28,,2018-01-01
34759,298345,19,,2018-01-01
42885,30899,81,,2018-01-01
64324,230429,96,,2018-01-01
137838,185522,0,,2018-01-01
14208,296009,19,4.0,2018-01-01
109865,13410,100,,2018-01-01
33882,141553,60,,2018-01-01
106465,141781,55,,2018-01-01
140626,195784,13,5.0,2018-01-01
109896,21464,0,,2018-01-01
15603,162858,93,,2018-01-01
94502,135655,22,,2018-01-01
84812,204003,0,,2018-01-01
86624,23606,91,,2018-01-01
906,49821,93,,2018-01-01
113518,14148,5,,2018-01-01
2569,319366,95,,2018-01-01
90764,63990,93,,2018-01-01
11078,1950,80,,2018-01-01
28758,40301,25,5.0,2018-01-01
156111,180349,85,5.0,2018-01-01
110192,107050,100,,2018-01-01
114309,216084,37,,2018-01-01
102677,124812,53,,2018-01-01
125423,258438,99,5.0,2018-01-01
40738,63990,2,,2018-01-01
71655,211960,23,,2018-01-01
46617,14919,30,,2018-01-01
118304,109860,86,,2018-01-01
123742,259911,38,,2018-01-01
109047,8977,4,,2018-01-01
11370,118532,10,,2018-01-01
124950,40113,49,,2018-01-01
122500,130332,58,,2018-01-01
42557,142833,0,,2018-01-01
126293,215499,68,,2018-01-01
141101,168279,2,,2018-01-01
145240,68972,87,5.0,2018-01-01
142669,259456,87,,2018-01-01
19582,62587,100,5.0,2018-01-01
11576,112631,100,4.0,2018-01-01
68409,193066,31,,2018-01-01
117033,204401,14,,2018-01-01
143788,64656,100,,2018-01-01
123095,314532,23,5.0,2018-01-01
23782,156843,100,,2018-01-01
106934,177374,53,,2018-01-01
150566,116715,0,,2018-01-01
63453,213078,60,,2018-01-01
109955,67656,57,,2018-01-01
18097,188290,60,,2018-01-01
129577,114600,0,,2018-01-01
117177,22720,22,,2018-01-01
89650,36818,92,,2018-01-01
50481,206337,0,,2018-01-01
63937,136960,81,,2018-01-01
18214,97218,39,,2018-01-01
109680,178038,0,,2018-01-01
545,129658,50,,2018-01-01
29177,202310,93,5.0,2018-01-01
83941,51447,76,5.0,2018-01-01
119126,197700,48,5.0,2018-01-01
112764,252149,65,,2018-01-01
36912,140737,2,,2018-01-01
109896,140737,0,,2018-01-01
14831,294406,6,,2018-01-01
26743,309371,88,,2018-01-01
137682,304031,42,5.0,2018-01-01
104571,95921,39,,2018-01-01
153821,150674,13,,2018-01-01
83569,13613,21,,2018-01-01
132581,212046,1,,2018-01-01
111145,138810,80,,2018-01-01
145006,140212,100,,2018-01-01
99125,290375,63,,2018-01-01
105213,227675,2,,2018-01-01
39604,268163,4,,2018-01-01
132058,268737,35,5.0,2018-01-01
15167,176144,83,,2018-01-01
34135,22626,60,,2018-01-01
46429,129751,36,,2018-01-01
20599,195992,85,5.0,2018-01-01
116323,242589,94,,2018-01-01
132945,105263,12,,2018-01-01
115951,147382,10,,2018-01-01
48664,144663,7,,2018-01-01
146374,92001,38,1.0,2018-01-01
65443,144663,0,,2018-01-01
10626,143405,87,5.0,2018-01-01
119643,182910,0,,2018-01-01
36041,182267,80,,2018-01-01
42071,115911,71,,2018-01-01
109602,232199,57,5.0,2018-01-01
50750,226429,12,,2018-01-01
158296,87178,72,,2018-01-01
21186,223399,34,,2018-01-01
148440,230861,11,,2018-01-01
79602,238049,15,,2018-01-01
54676,82401,30,5.0,2018-01-01
27942,244154,28,,2018-01-01
96731,131878,58,,2018-01-01
124040,166949,87,,2018-01-01
521,196658,37,,2018-01-01
117856,69550,0,,2018-01-01
56068,127283,46,,2018-01-01
78086,221705,27,,2018-01-01
106142,268888,98,,2018-01-01
41216,144182,49,,2018-01-01
59226,51968,68,,2018-01-01
51785,310128,12,,2018-01-01
102584,228424,100,,2018-01-01
132581,39795,0,,2018-01-01
128283,249201,97,5.0,2018-01-01
14096,102682,3,5.0,2018-01-01
82254,110940,48,5.0,2018-01-01
100962,289963,43,,2018-01-01
793,23047,82,,2018-01-01
85472,72686,67,5.0,2018-01-01
150367,210237,0,,2018-01-01
68548,103845,20,5.0,2018-01-01
5749,161528,23,,2018-01-01
57419,235443,33,,2018-01-01
46280,94575,5,,2018-01-01
143788,71002,99,,2018-01-01
147365,70732,34,,2018-01-01
127457,198278,62,5.0,2018-01-01
56691,57186,68,4.0,2018-01-01
132104,184859,7,,2018-01-01
47568,165391,35,,2018-01-01
126184,175208,13,,2018-01-01
49460,24357,70,5.0,2018-01-01
68897,176298,0,,2018-01-01
6450,296089,34,,2018-01-01
797,130600,7,,2018-01-01
65769,229996,76,,2018-01-01
21019,61032,5,,2018-01-01
101416,110277,0,,2018-01-01
69230,198921,83,5.0,2018-01-01
49186,309318,76,,2018-01-01
102986,70072,22,,2018-01-01
22827,228932,0,,2018-01-01
133707,318968,21,,2018-01-01
155235,5831,73,,2018-01-01
83276,307371,94,,2018-01-01
45485,242653,93,,2018-01-01
123499,171635,2,,2018-01-01
18724,160544,38,,2018-01-01
87662,123502,83,,2018-01-01
115260,265706,33,,2018-01-01
142243,41856,20,,2018-01-01
53116,144663,1,,2018-01-01
134928,17560,45,,2018-01-01
100514,106068,27,,2018-01-01
141998,264422,0,,2018-01-01
106492,165214,74,,2018-01-01
65395,245180,100,,2018-01-01
6518,160690,100,,2018-01-01
1985,127542,12,,2018-01-01
2816,245497,100,,2018-01-01
129140,105407,1,,2018-01-01
102584,245180,0,,2018-01-01
61182,36602,92,,2018-01-01
74378,163266,71,,2018-01-01
59102,169603,96,,2018-01-01
110112,212309,79,,2018-01-01
116809,129084,1,,2018-01-01
109896,178653,50,,2018-01-01
88356,321567,100,,2018-01-01
66031,250608,40,,2018-01-01
123332,250344,61,,2018-01-01
120045,201925,89,,2018-01-01
128985,206910,25,,2018-01-01
11305,140812,74,,2018-01-01
69160,144182,17,,2018-01-01
115070,69189,62,,2018-01-01
145006,124211,90,,2018-01-01
10203,219071,3,,2018-01-01
155723,177507,76,,2018-01-01
24218,61675,77,,2018-01-01
20405,43976,100,,2018-01-01
1985,137532,95,,2018-01-01
143447,320069,100,,2018-01-01
8603,39223,100,,2018-01-01
19215,271366,90,,2018-01-01
22827,275672,100,,2018-01-01
20150,117646,87,,2018-01-01
50481,97332,75,,2018-01-01
50481,279826,18,,2018-01-01
138953,89505,17,,2018-01-01
43954,288578,6,,2018-01-01
115373,277434,54,,2018-01-01
109896,192289,0,,2018-01-01
48856,212502,9,5.0,2018-01-01
135633,290054,35,,2018-01-01
31186,46373,72,,2018-01-01
85872,11263,100,,2018-01-01
14068,54934,21,,2018-01-01
27322,138543,69,,2018-01-01
19872,41271,100,4.0,2018-01-01
28265,321216,28,,2018-01-01
11197,228489,54,,2018-01-01
87212,79494,85,5.0,2018-01-01
40334,175948,74,5.0,2018-01-01
20865,100755,0,,2018-01-01
49480,133138,38,,2018-01-01
24499,100755,24,,2018-01-01
42300,301420,60,,2018-01-01
61046,47685,44,,2018-01-01
72327,237703,37,5.0,2018-01-01
80787,221205,15,5.0,2018-01-01
36217,25105,100,,2018-01-01
29237,314740,65,,2018-01-01
10267,296517,64,,2018-01-01
102206,200737,51,,2018-01-01
154631,312085,81,,2018-01-01
68439,42518,91,,2018-01-01
138647,12504,100,5.0,2018-01-01
128033,152914,0,,2018-01-01
65249,291453,28,,2018-01-01
82770,230045,3,,2018-01-01
121055,196422,50,,2018-01-01
51643,162216,37,,2018-01-01
16626,100609,14,,2018-01-01
109173,29763,49,3.0,2018-01-01
109896,257995,0,,2018-01-01
130250,72803,53,,2018-01-01
49002,81760,13,,2018-01-01
59568,108033,60,,2018-01-01
84246,72178,88,,2018-01-01
132283,274866,10,,2018-01-01
75441,166022,31,,2018-01-01
130659,7154,53,,2018-01-01
110222,70798,81,3.0,2018-01-01
155903,288803,34,,2018-01-01
79894,106900,4,,2018-01-01
14858,206543,6,,2018-01-01
118035,32812,56,,2018-01-01
102975,285078,39,,2018-01-01
144958,83964,11,,2018-01-01
8746,116233,17,,2018-01-01
63849,152501,87,,2018-01-01
140256,198580,53,,2018-01-01
121337,210492,6,5.0,2018-01-01
131372,165350,16,,2018-01-01
97386,78973,72,,2018-01-01
66976,231698,5,,2018-01-01
66843,96969,98,,2018-01-01
57673,162249,52,,2018-01-01
91083,171428,84,,2018-01-01
103011,315798,58,,2018-01-01
129853,221697,25,,2018-01-01
107198,60564,25,5.0,2018-01-01
38000,144331,69,4.0,2018-01-01
37,122540,58,,2018-01-01
1685,94075,57,,2018-01-01
123499,109115,0,,2018-01-01
50060,168688,38,,2018-01-01
86301,24960,3,,2018-01-01
152619,434,98,,2018-01-01
50481,255108,83,,2018-01-01
146594,212748,33,,2018-01-01
76488,155365,93,5.0,2018-01-01
136877,211897,29,,2018-01-01
98901,175961,14,,2018-01-01
12655,149289,59,,2018-01-01
128357,290501,0,,2018-01-01
124262,115468,92,,2018-01-01
99999,199820,4,5.0,2018-01-01
3658,137627,34,,2018-01-01
107584,86657,5,,2018-01-01
122708,219807,64,,2018-01-01
60547,290501,3,,2018-01-01
150635,315424,91,,2018-01-01
66958,253280,68,,2018-01-01
111652,287241,80,,2018-01-01
159230,179249,39,,2018-01-01
57852,255155,49,,2018-01-01
127480,157012,30,5.0,2018-01-01
2380,265554,5,5.0,2018-01-01
86051,130451,54,,2018-01-01
36265,130451,14,,2018-01-01
32779,130451,4,,2018-01-01
99664,118937,52,,2018-01-01
125423,130451,1,,2018-01-01
110036,130451,0,,2018-01-01
147754,57711,0,,2018-01-01
155037,168465,2,,2018-01-01
79298,61819,62,,2018-01-01
117856,240665,87,,2018-01-01
20865,26963,0,,2018-01-01
42881,26963,41,,2018-01-01
41349,130451,4,,2018-01-01
153163,94572,45,,2018-01-01
109896,35476,70,,2018-01-01
36766,286218,86,,2018-01-01
144889,114938,25,,2018-01-01
17932,321612,2,,2018-01-01
62948,89977,95,5.0,2018-01-01
107236,124484,49,,2018-01-01
23782,75579,0,,2018-01-01
40090,146109,94,,2018-01-01
78590,10005,55,,2018-01-01
113175,97691,0,,2018-01-01
149236,149503,57,,2018-01-01
115484,179630,36,5.0,2018-01-01
96337,256564,39,,2018-01-01
19564,320103,58,,2018-01-01
99775,88848,77,5.0,2018-01-01
44106,179115,67,,2018-01-01
147327,188349,41,,2018-01-01
19719,134281,42,,2018-01-01
22089,192670,95,5.0,2018-01-01
4104,179326,96,,2018-01-01
41528,58803,0,,2018-01-01
11057,58639,100,,2018-01-01
46978,162391,53,,2018-01-01
116756,67393,95,,2018-01-01
80441,273234,94,,2018-01-01
92282,7523,64,,2018-01-01
78799,96812,29,,2018-01-01
120720,26967,39,,2018-01-01
157516,263868,27,,2018-01-01
148132,33868,83,,2018-01-01
54352,199132,46,,2018-01-01
22584,250391,89,,2018-01-01
2776,182314,1,,2018-01-01
123816,261826,59,5.0,2018-01-01
116952,27119,29,,2018-01-01
60345,86851,74,,2018-01-01
102006,263493,6,,2018-01-01
75976,165877,53,,2018-01-01
96519,177227,18,,2018-01-01
137658,240614,35,4.0,2018-01-01
66870,177227,4,,2018-01-01
97847,281417,58,4.0,2018-01-01
70871,114453,27,,2018-01-01
115994,47198,99,,2018-01-01
15969,305548,4,5.0,2018-01-01
93775,136808,13,,2018-01-01
61282,260330,40,,2018-01-01
156550,136411,72,,2018-01-01
50684,214574,24,,2018-01-01
139979,15645,42,,2018-01-01
21087,117184,100,5.0,2018-01-01
74658,270674,51,5.0,2018-01-01
26677,47033,14,,2018-01-01
148391,117184,29,,2018-01-01
122120,117184,32,,2018-01-01
130857,117184,4,,2018-01-01
100341,31594,53,,2018-01-01
13735,93436,20,,2018-01-01
64179,235945,41,,2018-01-01
87331,34575,17,,2018-01-01
77021,83898,57,4.0,2018-01-01
65221,243127,85,,2018-01-01
40781,65665,83,,2018-01-01
63559,171859,18,,2018-01-01
16385,131272,39,,2018-01-01
51781,102031,61,,2018-01-01
127620,129447,11,,2018-01-01
59658,173582,46,,2018-01-01
135461,5237,66,,2018-01-01
74213,196903,65,5.0,2018-01-01
93796,104198,9,,2018-01-01
44164,168844,57,4.0,2018-01-01
122543,120789,21,,2018-01-01
97154,129751,99,,2018-01-01
44814,46767,63,,2018-01-01
82702,160799,57,5.0,2018-01-01
77056,304313,6,,2018-01-01
28618,230873,0,,2018-01-01
39307,318450,16,,2018-01-01
157804,301853,36,,2018-01-01
10294,202563,60,5.0,2018-01-01
136810,109138,74,,2018-01-01
58715,24994,100,,2018-01-01
94666,230483,17,,2018-01-01
60325,288053,80,5.0,2018-01-01
152131,271169,51,,2018-01-01
122080,127217,43,,2018-01-01
107379,105536,100,,2018-01-01
59417,146241,8,,2018-01-01
20074,226715,30,,2018-01-01
62029,224010,63,,2018-01-01
6520,59249,16,3.0,2018-01-01
156709,141961,100,1.0,2018-01-01
137103,275226,9,,2018-01-01
3288,83753,27,,2018-01-01
16252,263687,37,5.0,2018-01-01
125290,245906,100,,2018-01-01
59495,9384,95,,2018-01-01
82505,113659,44,,2018-01-01
148636,260702,37,,2018-01-01
124840,228692,71,,2018-01-01
19482,282043,59,,2018-01-01
151599,33731,87,,2018-01-01
66544,226628,41,5.0,2018-01-01
5866,133719,100,,2018-01-01
91537,43284,61,,2018-01-01
102670,125772,16,,2018-01-01
86551,202851,42,,2018-01-01
29373,265236,7,,2018-01-01
156623,10882,42,5.0,2018-01-01
57944,23391,71,,2018-01-01
90325,310542,92,5.0,2018-01-01
153554,265236,100,,2018-01-01
131351,245540,51,3.0,2018-01-01
107670,260278,9,,2018-01-01
16914,97772,72,,2018-01-01
28985,274751,3,,2018-01-01
114591,143505,5,,2018-01-01
12501,200571,26,,2018-01-01
138528,319498,90,5.0,2018-01-01
23782,265236,100,5.0,2018-01-01
152004,2666,78,,2018-01-01
6605,239773,78,,2018-01-01
138550,114219,4,,2018-01-01
71594,224577,95,,2018-01-01
85181,315383,56,,2018-01-01
52845,321524,67,5.0,2018-01-01
101725,302950,9,,2018-01-01
91420,189479,58,,2018-01-01
12541,132764,78,,2018-01-01
111760,217796,45,,2018-01-01
37411,17914,76,,2018-01-01
128158,154879,53,5.0,2018-01-01
95527,202516,64,,2018-01-01
5817,46183,13,,2018-01-01
100485,90931,27,,2018-01-01
59451,47089,49,,2018-01-01
28971,211501,100,,2018-01-01
34272,284948,78,5.0,2018-01-01
136560,193618,85,,2018-01-01
62317,279978,87,,2018-01-01
23583,53198,81,,2018-01-01
20912,259795,88,,2018-01-01
1958,14254,15,4.0,2018-01-01
952,35611,10,,2018-01-01
76516,275408,44,,2018-01-01
104204,146392,8,,2018-01-01
16535,113500,41,,2018-01-01
154631,39422,99,5.0,2018-01-01
72903,128770,40,,2018-01-01
136814,124541,72,,2018-01-01
66681,38185,13,4.0,2018-01-01
73463,125731,0,5.0,2018-01-01
118036,251132,0,,2018-01-01
53288,220877,55,,2018-01-01
40823,257606,41,,2018-01-01
104395,275239,60,5.0,2018-01-01
112529,175837,58,,2018-01-01
66530,168817,33,,2018-01-01
31565,196722,24,,2018-01-01
51489,101725,83,,2018-01-01
14540,23975,35,,2018-01-01
128324,101725,42,,2018-01-01
113104,156333,0,,2018-01-01
153765,16729,60,,2018-01-01
109989,201288,57,5.0,2018-01-01
91762,194110,54,,2018-01-01
151932,191321,56,,2018-01-01
59202,21326,10,5.0,2018-01-01
147801,82528,5,,2018-01-01
80735,231155,84,,2018-01-01
51993,123552,37,,2018-01-01
9159,84381,2,,2018-01-01
5582,236115,3,5.0,2018-01-01
55575,244738,77,,2018-01-01
22572,19705,18,5.0,2018-01-01
9854,150667,30,,2018-01-01
84852,217761,77,,2018-01-01
22280,220258,50,,2018-01-01
76519,59246,0,5.0,2018-01-01
51022,222644,91,5.0,2018-01-01
45427,74629,92,,2018-01-01
77333,70149,25,4.0,2018-01-01
149250,95929,98,,2018-01-01
51326,96317,87,,2018-01-01
8603,208886,0,,2018-01-01
127584,43709,62,,2018-01-01
1015,18818,90,,2018-01-01
109896,263125,60,,2018-01-01
106669,101993,38,5.0,2018-01-01
107901,161260,47,,2018-01-01
156388,101758,16,,2018-01-01
115147,265884,65,,2018-01-01
42115,71211,57,,2018-01-01
68287,170646,66,,2018-01-01
112601,186364,42,4.0,2018-01-01
110162,163137,34,5.0,2018-01-01
105660,274636,85,,2018-01-01
148464,242507,85,,2018-01-01
145447,261364,5,,2018-01-01
10401,155343,34,,2018-01-01
67575,126562,45,,2018-01-01
58782,80858,9,,2018-01-01
9951,77998,42,,2018-01-01
107366,228767,48,5.0,2018-01-01
47004,170551,49,5.0,2018-01-01
87020,247577,10,5.0,2018-01-01
105333,165996,34,,2018-01-01
129577,146939,0,,2018-01-01
127506,171043,0,,2018-01-01
10059,138343,99,,2018-01-01
48706,318543,49,,2018-01-01
26826,37214,76,,2018-01-01
94075,233352,100,,2018-01-01
137263,157422,0,,2018-01-01
59794,91555,47,,2018-01-01
42790,149701,54,5.0,2018-01-01
23782,93249,100,5.0,2018-01-01
91505,85525,4,,2018-01-01
87861,219660,19,5.0,2018-01-01
26426,17556,76,,2018-01-01
94343,24825,94,,2018-01-01
88962,221371,37,,2018-01-01
141944,59779,59,,2018-01-01
50576,175203,47,,2018-01-01
152936,16586,51,,2018-01-01
63910,135398,29,,2018-01-01
114124,25008,1,,2018-01-01
132104,190229,0,,2018-01-01
23822,313671,66,,2018-01-01
55284,301271,89,,2018-01-01
18333,210955,76,,2018-01-01
96027,112746,49,,2018-01-01
37191,39868,3,,2018-01-01
105761,319062,89,5.0,2018-01-01
60706,288541,24,,2018-01-01
17932,40392,100,,2018-01-01
113504,153078,100,4.0,2018-01-01
50293,268822,13,,2018-01-01
81968,28268,57,,2018-01-01
157294,307883,51,,2018-01-01
29917,275656,39,,2018-01-01
143959,252885,9,5.0,2018-01-01
48543,309383,0,5.0,2018-01-01
143272,138617,33,4.0,2018-01-01
107779,252550,0,,2018-01-01
137260,17451,100,,2018-01-01
98710,308529,2,,2018-01-01
89772,308529,26,,2018-01-01
63676,308529,100,,2018-01-01
16629,88505,4,,2018-01-01
54815,131589,14,,2018-01-01
114638,107298,48,,2018-01-01
32356,82576,51,,2018-01-01
53687,271742,69,,2018-01-01
54907,128663,95,,2018-01-01
132396,246097,15,,2018-01-01
109896,136121,51,,2018-01-01
30081,176203,99,2.0,2018-01-01
106315,126763,48,,2018-01-01
139960,316736,98,,2018-01-01
99174,296026,47,,2018-01-01
63925,16920,80,5.0,2018-01-01
138371,21450,18,,2018-01-01
50481,233452,81,,2018-01-01
121031,99575,9,,2018-01-01
96065,99575,0,,2018-01-01
143545,70969,17,,2018-01-01
88051,114586,5,,2018-01-01
69209,166082,40,,2018-01-01
108672,280808,27,,2018-01-01
138957,294277,9,,2018-01-01
106525,140356,78,,2018-01-01
73109,146054,11,,2018-01-01
65610,72745,41,,2018-01-01
136208,39390,74,4.0,2018-01-01
79003,843,18,,2018-01-01
105409,144756,55,,2018-01-01
28206,155081,79,,2018-01-01
15428,117485,53,,2018-01-01
37459,246880,1,,2018-01-01
146038,226287,78,5.0,2018-01-01
144578,5556,96,,2018-01-01
57176,1841,37,,2018-01-01
156628,318425,93,,2018-01-01
118139,55415,79,,2018-01-01
54367,144290,100,,2018-01-01
13457,168936,90,,2018-01-01
152467,112634,50,3.0,2018-01-01
41647,9257,6,,2018-01-01
72903,158280,13,,2018-01-01
124940,288545,43,,2018-01-01
131954,76594,90,,2018-01-01
98263,47819,31,,2018-01-01
88818,144585,75,,2018-01-01
103001,111988,0,,2018-01-01
98977,190690,57,5.0,2018-01-01
137503,206284,78,,2018-01-01
131415,181695,94,,2018-01-01
108406,121422,1,,2018-01-01
1526,2608,18,,2018-01-01
142683,142279,21,,2018-01-01
104211,82566,14,,2018-01-01
108727,155930,65,,2018-01-01
33079,22312,12,,2018-01-01
119536,68028,74,,2018-01-01
134644,230557,52,,2018-01-01
42299,213137,85,,2018-01-01
41831,117023,40,,2018-01-01
31624,187328,86,5.0,2018-01-01
148868,164260,11,,2018-01-01
86280,168992,99,,2018-01-01
139216,178050,21,,2018-01-01
67699,195248,32,,2018-01-01
39727,124079,63,,2018-01-01
49289,59643,60,,2018-01-01
31193,91216,1,,2018-01-01
37733,202237,42,,2018-01-01
50924,24322,100,,2018-01-01
137015,99575,36,,2018-01-01
107719,193789,28,5.0,2018-01-01
117330,99575,100,,2018-01-01
20230,99575,100,,2018-01-01
6685,120239,39,,2018-01-01
55086,277787,2,,2018-01-01
42959,49855,39,,2018-01-01
8952,211590,85,,2018-01-01
36756,150814,8,,2018-01-01
20204,150098,88,,2018-01-01
118115,200286,85,,2018-01-01
133570,194180,42,,2018-01-01
6109,20771,36,,2018-01-01
39358,103559,45,,2018-01-01
90187,26251,28,5.0,2018-01-01
109896,115427,61,,2018-01-01
109720,122456,45,,2018-01-01
110845,128881,75,,2018-01-01
157191,28246,73,,2018-01-01
134534,221724,90,,2018-01-01
108549,164340,100,,2018-01-01
39188,113996,59,,2018-01-01
76764,221660,36,,2018-01-01
152516,262388,57,,2018-01-01
10815,162356,47,,2018-01-01
102584,99575,0,,2018-01-01
136640,239235,99,5.0,2018-01-01
155119,281119,69,5.0,2018-01-01
116322,246646,78,,2018-01-01
150406,5744,78,,2018-01-01
24195,145570,52,,2018-01-01
15456,105916,46,,2018-01-01
105213,228282,100,,2018-01-01
51408,155730,96,5.0,2018-01-01
139658,48750,1,5.0,2018-01-01
60217,58924,100,,2018-01-01
50082,63909,0,,2018-01-01
132581,281584,0,,2018-01-01
1206,41632,22,,2018-01-01
72903,230470,7,,2018-01-01
109896,304313,57,,2018-01-01
84650,301624,6,,2018-01-01
50909,118492,52,,2018-01-01
76052,123563,98,,2018-01-01
89121,79998,100,5.0,2018-01-01
138279,280000,31,,2018-01-01
115750,142127,28,,2018-01-01
149373,84655,38,,2018-01-01
3585,41387,35,5.0,2018-01-01
43196,105842,18,,2018-01-01
119817,315971,29,,2018-01-01
21040,275039,64,,2018-01-01
111227,16800,3,,2018-01-01
152635,105119,99,,2018-01-01
51584,242513,51,,2018-01-01
148592,158255,24,,2018-01-01
85950,125065,22,,2018-01-01
128861,28885,48,,2018-01-01
101022,317103,78,,2018-01-01
32901,251930,3,,2018-01-01
147034,171920,81,5.0,2018-01-01
140001,117452,47,,2018-01-01
826,284612,31,5.0,2018-01-01
104863,87203,21,,2018-01-01
110369,321096,66,3.0,2018-01-01
152260,58953,39,,2018-01-01
41746,296024,94,5.0,2018-01-01
48317,6657,24,,2018-01-01
6602,233726,33,,2018-01-01
49015,280213,49,,2018-01-01
2665,255820,40,,2018-01-01
101310,104784,98,4.0,2018-01-01
91044,263389,47,,2018-01-01
66917,254777,45,,2018-01-01
117198,173310,71,,2018-01-01
6748,129690,34,5.0,2018-01-01
5759,126320,89,,2018-01-01
18345,149788,60,,2018-01-01
36236,200224,87,,2018-01-01
145061,183636,85,,2018-01-01
103242,298052,42,,2018-01-01
28618,169867,0,,2018-01-01
53900,165238,1,,2018-01-01
112881,293674,6,,2018-01-01
77938,101744,74,,2018-01-01
52168,248083,0,5.0,2018-01-01
11206,205633,0,,2018-01-01
132485,142211,83,,2018-01-01
56050,116062,15,,2018-01-01
140093,109117,85,,2018-01-01
146159,265831,14,,2018-01-01
143788,318984,96,,2018-01-01
149050,74862,80,,2018-01-01
76909,267490,74,,2018-01-01
79829,131582,29,,2018-01-01
147310,94604,24,,2018-01-01
37184,31099,23,,2018-01-01
120468,237345,0,,2018-01-01
26262,234335,17,,2018-01-01
138576,221315,48,5.0,2018-01-01
85673,285969,100,4.0,2018-01-01
8603,52112,100,,2018-01-01
144682,239027,89,,2018-01-01
107465,232872,88,,2018-01-01
70392,282309,40,,2018-01-01
63959,281278,0,,2018-01-01
68886,42311,30,,2018-01-01
55691,222536,11,,2018-01-01
95601,108285,10,5.0,2018-01-01
151219,298172,94,,2018-01-01
30214,260177,41,,2018-01-01
31140,316162,20,3.0,2018-01-01
53539,130691,65,,2018-01-01
158634,4012,60,,2018-01-01
19438,235173,29,,2018-01-01
125623,84383,63,2.0,2018-01-01
53761,60158,94,,2018-01-01
15060,95106,53,4.0,2018-01-01
59769,319894,2,,2018-01-01
86051,112727,53,,2018-01-01
80095,141864,71,,2018-01-01
56561,242921,5,,2018-01-01
55461,215165,2,,2018-01-01
53195,25981,24,,2018-01-01
79721,81142,25,,2018-01-01
77762,184287,68,,2018-01-01
109896,106036,64,,2018-01-01
49467,317080,18,,2018-01-01
124424,222399,47,,2018-01-01
146933,298835,100,,2018-01-01
18730,34991,20,,2018-01-01
135934,40424,92,,2018-01-01
70435,89170,34,,2018-01-01
53532,39129,97,,2018-01-01
72023,295902,15,,2018-01-01
109130,315932,60,,2018-01-01
16712,82794,29,,2018-01-01
17356,153985,99,,2018-01-01
46493,226619,100,,2018-01-01
157580,247594,52,,2018-01-01
158934,213241,17,5.0,2018-01-01
59118,64334,23,5.0,2018-01-01
87949,226683,23,,2018-01-01
50481,267921,25,,2018-01-01
135894,182887,80,,2018-01-01
139021,306496,36,,2018-01-01
44098,271203,59,5.0,2018-01-01
135255,129013,45,,2018-01-01
88429,45191,19,,2018-01-01
95272,204439,65,,2018-01-01
2999,137595,29,,2018-01-01
92688,120604,89,,2018-01-01
132491,176904,38,,2018-01-01
98578,292629,17,,2018-01-01
122971,163516,10,,2018-01-01
23748,103606,71,,2018-01-01
85274,233057,65,,2018-01-01
40814,187956,59,,2018-01-01
79728,184476,85,,2018-01-01
87270,315401,1,5.0,2018-01-01
140707,44179,90,,2018-01-01
143358,156704,60,,2018-01-01
109586,132275,38,5.0,2018-01-01
80854,239124,79,,2018-01-01
71379,34745,30,5.0,2018-01-01
72903,241323,74,,2018-01-01
5919,315451,42,,2018-01-01
65207,13680,55,,2018-01-01
73480,265358,89,,2018-01-01
143220,219265,1,,2018-01-01
150115,245324,26,,2018-01-01
146056,104246,3,,2018-01-01
154619,107876,20,,2018-01-01
35933,167863,86,,2018-01-01
114646,38188,91,,2018-01-01
120882,285291,13,,2018-01-01
150154,217159,85,,2018-01-01
151946,5465,50,,2018-01-01
32905,220806,13,,2018-01-01
40715,169473,76,,2018-01-01
114303,115924,64,,2018-01-01
31088,198302,72,,2018-01-01
72255,64541,84,,2018-01-01
38070,67474,13,,2018-01-01
159307,76027,10,,2018-01-01
63599,228148,48,,2018-01-01
126107,277360,35,,2018-01-01
8594,317449,71,,2018-01-01
47214,95633,78,5.0,2018-01-01
9613,220511,91,,2018-01-01
104674,320754,99,,2018-01-01
41819,34023,88,,2018-01-01
33719,294516,50,4.0,2018-01-01
49736,87102,32,,2018-01-01
110354,1634,92,5.0,2018-01-01
158761,159908,98,,2018-01-01
112886,25633,80,,2018-01-01
77142,255254,64,,2018-01-01
69147,306374,36,,2018-01-01
150367,320242,52,,2018-01-01
107817,132573,62,,2018-01-01
58770,49799,16,,2018-01-01
92223,123491,36,,2018-01-01
21262,318356,35,5.0,2018-01-01
107006,280444,11,,2018-01-01
128188,94685,71,,2018-01-01
41730,109162,58,,2018-01-01
68555,227997,99,,2018-01-01
61364,15680,22,,2018-01-01
158843,227997,0,,2018-01-01
103831,294290,0,5.0,2018-01-01
81338,126809,36,,2018-01-01
129082,190878,95,,2018-01-01
40957,218570,33,5.0,2018-01-01
138104,144127,90,,2018-01-01
102737,146792,48,,2018-01-01
139009,148493,31,,2018-01-01
103929,38917,100,,2018-01-01
71942,130060,89,,2018-01-01
7864,297288,72,,2018-01-01
113590,137445,80,5.0,2018-01-01
25347,147868,77,,2018-01-01
127749,280750,99,,2018-01-01
2022,300839,99,,2018-01-01
145919,252099,66,,2018-01-01
54580,17250,13,,2018-01-01
85380,108053,13,,2018-01-01
31974,137446,3,,2018-01-01
58868,212188,100,,2018-01-01
6330,218272,16,,2018-01-01
96783,139435,99,,2018-01-01
47403,190485,44,,2018-01-01
62924,320947,84,4.0,2018-01-01
49368,191684,23,,2018-01-01
41994,190735,32,,2018-01-01
109191,248168,54,,2018-01-01
119322,256645,87,,2018-01-01
41802,291046,71,,2018-01-01
94063,245384,0,,2018-01-01
129139,188208,85,,2018-01-01
21679,255695,9,,2018-01-01
136599,236183,18,5.0,2018-01-01
156371,41260,81,,2018-01-01
9726,311476,100,5.0,2018-01-01
25297,110988,71,,2018-01-01
68995,141474,90,,2018-01-01
122640,91565,36,,2018-01-01
90072,158439,8,,2018-01-01
143447,164229,83,,2018-01-01
145848,198593,100,5.0,2018-01-01
138731,316520,96,,2018-01-01
45066,213862,43,5.0,2018-01-01
79639,201485,78,,2018-01-01
51934,45269,0,,2018-01-01
154176,141172,10,,2018-01-01
119823,9545,23,,2018-01-01
50481,115275,12,,2018-01-01
71588,204223,5,,2018-01-01
10657,181053,100,,2018-01-01
158103,304090,64,5.0,2018-01-01
19775,297,73,,2018-01-01
68808,202083,60,,2018-01-01
3191,174249,69,,2018-01-01
43693,120505,93,,2018-01-01
70702,310053,30,,2018-01-01
94574,97901,26,,2018-01-01
113363,295933,89,5.0,2018-01-01
132581,301994,1,,2018-01-01
8656,239650,48,,2018-01-01
19367,271145,57,,2018-01-01
50973,265328,50,,2018-01-01
73325,179634,26,5.0,2018-01-01
128357,266474,100,,2018-01-01
97768,260967,90,,2018-01-01
84222,308127,0,,2018-01-01
1832,74599,50,4.0,2018-01-01
98706,197650,62,,2018-01-01
86530,277630,52,,2018-01-01
47271,291474,40,5.0,2018-01-01
32674,247563,12,,2018-01-01
5449,174525,0,,2018-01-01
42257,292015,45,,2018-01-01
116660,20105,10,,2018-01-01
151079,16483,64,,2018-01-01
103737,125256,7,,2018-01-01
105875,3512,79,,2018-01-01
77421,271212,87,,2018-01-01
8936,47388,0,,2018-01-01
109896,47388,0,,2018-01-01
48032,239522,16,,2018-01-01
104032,277493,44,,2018-01-01
69320,128967,32,,2018-01-01
46125,217357,100,4.0,2018-01-01
2099,106978,91,,2018-01-01
136546,231597,62,,2018-01-01
123499,205243,4,,2018-01-01
157943,232377,25,,2018-01-01
23896,197580,33,4.0,2018-01-01
89963,273854,42,,2018-01-01
5174,71740,100,5.0,2018-01-01
30004,294289,0,,2018-01-01
86301,245012,25,,2018-01-01
8603,114136,100,,2018-01-01
69565,66292,4,,2018-01-01
47556,82738,47,,2018-01-01
22591,321480,57,,2018-01-01
99228,137924,81,,2018-01-01
56734,90422,41,5.0,2018-01-01
99872,20012,29,,2018-01-01
69565,36543,0,,2018-01-01
25091,42712,90,,2018-01-01
118049,8753,90,,2018-01-01
95941,278485,12,,2018-01-01
84222,104778,4,,2018-01-01
92317,73925,44,,2018-01-01
154709,255669,74,,2018-01-01
102972,76968,7,,2018-01-01
8363,227372,43,,2018-01-01
82231,178703,47,,2018-01-01
89838,97371,99,,2018-01-01
37048,68319,28,,2018-01-01
19606,130981,89,,2018-01-01
68276,88367,5,,2018-01-01
102231,27797,53,5.0,2018-01-01
93712,214108,51,,2018-01-01
21791,162230,100,,2018-01-01
78590,54835,97,,2018-01-01
3594,266474,96,,2018-01-01
26491,14557,93,,2018-01-01
67274,106635,2,5.0,2018-01-01
21874,199196,50,,2018-01-01
122967,24551,16,3.0,2018-01-01
154793,249336,47,,2018-01-01
69513,223931,24,5.0,2018-01-01
151830,17633,3,5.0,2018-01-01
1678,178417,50,,2018-01-01
30930,60680,79,,2018-01-01
82190,270896,64,,2018-01-01
55415,186959,91,5.0,2018-01-01
152115,83403,6,,2018-01-01
63453,149245,18,,2018-01-01
151086,196460,100,,2018-01-01
138181,211936,56,,2018-01-01
43943,232373,48,,2018-01-01
145030,320804,98,,2018-01-01
67147,135986,1,,2018-01-01
41364,214380,0,,2018-01-01
139902,321571,100,,2018-01-01
30353,263771,95,,2018-01-01
94741,211560,95,5.0,2018-01-01
12479,159482,20,,2018-01-01
159500,290862,36,5.0,2018-01-01
26124,265569,14,,2018-01-01
33796,123222,56,5.0,2018-01-01
99092,17729,50,5.0,2018-01-01
115458,301168,99,5.0,2018-01-01
6594,257522,92,5.0,2018-01-01
68419,243982,13,,2018-01-01
149768,117091,1,,2018-01-01
143384,5492,82,,2018-01-01
66537,12994,53,,2018-01-01
36018,168285,100,,2018-01-01
150679,238955,68,,2018-01-01
8603,293333,100,,2018-01-01
40045,95643,33,,2018-01-01
107567,2986,37,,2018-01-01
18715,168682,89,,2018-01-01
47516,250067,3,,2018-01-01
10839,47799,43,,2018-01-01
1154,37040,82,,2018-01-01
86873,240193,73,5.0,2018-01-01
109985,63698,32,,2018-01-01
22537,262881,100,,2018-01-01
102668,221255,61,,2018-01-01
25900,220974,49,,2018-01-01
11854,131537,9,,2018-01-01
66580,210713,67,,2018-01-01
98902,299135,16,,2018-01-01
124545,144040,15,,2018-01-01
28971,312731,4,,2018-01-01
115852,19951,89,,2018-01-01
129995,143878,29,,2018-01-01
117786,6037,55,,2018-01-01
46727,211128,0,,2018-01-01
83939,192735,44,5.0,2018-01-01
42239,208919,97,,2018-01-01
27456,18053,24,,2018-01-01
86021,69765,3,,2018-01-01
15940,80591,34,,2018-01-01
4127,221255,100,,2018-01-01
18352,189738,56,,2018-01-01
31939,213764,71,,2018-01-01
4441,87338,23,,2018-01-01
6515,2442,24,,2018-01-01
152517,119138,49,,2018-01-01
49231,278008,31,,2018-01-01
139394,119138,0,,2018-01-01
72541,192977,92,,2018-01-01
19503,125187,53,,2018-01-01
36843,280651,100,,2018-01-01
16975,50499,100,,2018-01-01
128357,119138,0,,2018-01-01
145848,169853,0,,2018-01-01
39875,169853,0,,2018-01-01
74244,208599,40,,2018-01-01
109896,169853,0,,2018-01-01
153897,169853,0,,2018-01-01
135287,274888,2,,2018-01-01
69346,318902,31,,2018-01-01
47793,242789,5,,2018-01-01
129517,214777,47,,2018-01-01
133095,302924,81,,2018-01-01
106405,47,39,,2018-01-01
100414,186510,87,,2018-01-01
60627,262562,20,,2018-01-01
155137,155522,54,,2018-01-01
82568,117107,10,,2018-01-01
10462,146476,6,,2018-01-01
61500,50340,93,3.0,2018-01-01
18846,281077,65,,2018-01-01
135701,70008,73,,2018-01-01
151295,149080,80,5.0,2018-01-01
31413,42508,0,,2018-01-01
156763,29023,41,,2018-01-01
132581,29745,1,,2018-01-01
140615,35473,62,5.0,2018-01-01
71927,80756,40,,2018-01-01
38405,46622,100,5.0,2018-01-01
132581,175519,1,,2018-01-01
40184,198731,100,,2018-01-01
123261,143628,8,,2018-01-01
10830,274092,53,,2018-01-01
17937,235016,14,,2018-01-01
44520,23598,41,,2018-01-01
34866,168906,19,,2018-01-01
118113,47213,97,5.0,2018-01-01
85219,177181,100,,2018-01-01
48363,253262,96,,2018-01-01
46229,276816,49,5.0,2018-01-01
105938,244467,95,,2018-01-01
95348,239429,100,,2018-01-01
24438,12548,100,3.0,2018-01-01
58715,263642,98,,2018-01-01
139878,129145,44,,2018-01-01
155149,109393,84,,2018-01-01
24655,304222,66,,2018-01-01
139287,220044,96,,2018-01-01
107635,287520,19,,2018-01-01
71409,115757,4,,2018-01-01
110076,49490,63,5.0,2018-01-01
58982,41907,22,,2018-01-01
11093,31944,72,,2018-01-01
81528,296297,79,,2018-01-01
70210,319352,0,,2018-01-01
125575,129966,50,,2018-01-01
84492,196223,82,5.0,2018-01-01
134841,29616,1,,2018-01-01
52611,157916,76,,2018-01-01
151086,210979,100,,2018-01-01
16074,105541,5,,2018-01-01
50238,288635,24,,2018-01-01
132853,192540,27,,2018-01-01
51478,141192,5,5.0,2018-01-01
24438,46900,100,5.0,2018-01-01
54907,7555,95,,2018-01-01
146953,283901,55,,2018-01-01
65003,109592,21,,2018-01-01
53059,4778,86,,2018-01-01
154124,18021,59,,2018-01-01
124761,69140,89,,2018-01-01
31273,290255,57,,2018-01-01
89475,261430,25,,2018-01-01
120882,8554,99,,2018-01-01
150367,264854,4,,2018-01-01
122592,63358,21,,2018-01-01
150367,8554,29,,2018-01-01
95348,6196,100,4.0,2018-01-01
58715,6196,100,,2018-01-01
149627,228993,26,,2018-01-01
13430,273467,50,,2018-01-01
141498,308177,81,,2018-01-01
31294,65327,73,,2018-01-01
150367,13134,1,,2018-01-01
14317,151248,5,,2018-01-01
29601,52248,48,5.0,2018-01-01
75720,247196,27,,2018-01-01
45398,149505,86,,2018-01-01
112739,63441,20,,2018-01-01
103113,18501,45,,2018-01-01
58423,85833,32,,2018-01-01
44752,48193,85,,2018-01-01
80771,5246,2,,2018-01-01
47891,103242,34,,2018-01-01
58412,11608,100,,2018-01-01
63959,6196,0,,2018-01-01
98175,259316,87,,2018-01-01
109515,153051,76,,2018-01-01
143447,89313,97,,2018-01-01
127467,76588,91,,2018-01-01
68053,110811,36,,2018-01-01
47548,171791,3,,2018-01-01
41119,191404,83,,2018-01-01
56989,131164,97,,2018-01-01
87087,316213,28,5.0,2018-01-01
36,41455,48,5.0,2018-01-01
38922,6316,33,,2018-01-01
21353,155795,72,,2018-01-01
52772,166717,7,,2018-01-01
81219,20539,67,,2018-01-01
101186,192194,88,,2018-01-01
24738,17278,44,,2018-01-01
47530,99483,1,,2018-01-01
72903,96598,4,,2018-01-01
37460,8554,58,,2018-01-01
87945,250231,37,,2018-01-01
3003,282091,0,,2018-01-01
128300,300993,66,,2018-01-01
144418,99199,1,,2018-01-01
142211,151236,94,,2018-01-01
51192,101828,36,5.0,2018-01-01
46125,110241,100,4.0,2018-01-01
40738,212500,58,,2018-01-01
24918,52614,41,,2018-01-01
85669,87741,25,5.0,2018-01-01
24237,274904,4,,2018-01-01
103070,89152,35,,2018-01-01
102584,89152,5,,2018-01-01
121215,145686,81,,2018-01-01
30885,116330,74,,2018-01-01
140743,75906,78,,2018-01-01
109896,99199,62,,2018-01-01
57383,187748,19,,2018-01-01
66870,89152,1,,2018-01-01
41349,89152,99,,2018-01-01
39752,89152,2,,2018-01-01
109504,17115,22,,2018-01-01
19045,81196,77,,2018-01-01
147405,157825,27,,2018-01-01
29932,241392,32,,2018-01-01
2666,241064,87,,2018-01-01
50691,89152,49,,2018-01-01
50082,89152,100,4.0,2018-01-01
104095,89152,0,,2018-01-01
42150,66784,73,,2018-01-01
89473,88609,52,5.0,2018-01-01
110703,89152,68,,2018-01-01
148075,89152,1,,2018-01-01
134800,81190,26,,2018-01-01
133807,172800,12,,2018-01-01
13873,48830,36,5.0,2018-01-01
17932,173876,0,,2018-01-01
154605,6943,100,,2018-01-01
13460,202475,22,5.0,2018-01-01
44498,267492,71,,2018-01-01
52714,240888,52,,2018-01-01
54574,34242,9,,2018-01-01
54367,21349,13,,2018-01-01
54907,197420,96,,2018-01-01
84222,276179,1,,2018-01-01
99149,204183,37,,2018-01-01
122120,22386,0,,2018-01-01
123608,106051,96,,2018-01-01
33288,136558,6,,2018-01-01
41247,25764,71,,2018-01-01
80747,279964,59,,2018-01-01
136123,216596,45,,2018-01-01
16105,30535,23,,2018-01-01
104386,66784,29,3.0,2018-01-01
102584,316942,0,,2018-01-01
137517,208376,75,3.0,2018-01-01
68944,316942,35,,2018-01-01
56948,244787,3,,2018-01-01
109896,211595,46,,2018-01-01
35009,38812,94,,2018-01-01
124674,234198,58,5.0,2018-01-01
139583,307631,0,,2018-01-01
114944,116346,70,,2018-01-01
15138,22386,0,,2018-01-01
145405,195039,71,3.0,2018-01-01
135954,27176,63,,2018-01-01
96487,232118,100,,2018-01-01
103384,285622,36,,2018-01-01
10025,195671,47,,2018-01-01
128048,258912,90,5.0,2018-01-01
150132,122309,83,,2018-01-01
84085,111400,18,,2018-01-01
130834,94290,77,5.0,2018-01-01
114873,98366,100,,2018-01-01
97769,204724,41,5.0,2018-01-01
22827,114764,0,,2018-01-01
118705,147152,99,,2018-01-01
102584,147152,100,,2018-01-01
134290,147152,1,,2018-01-01
40184,147152,0,,2018-01-01
10203,159455,100,,2018-01-01
88065,147152,100,,2018-01-01
57771,205569,58,5.0,2018-01-01
43076,251031,39,,2018-01-01
44628,140998,54,5.0,2018-01-01
37516,137675,100,,2018-01-01
95274,73998,16,,2018-01-01
115070,262796,59,,2018-01-01
157134,77104,41,,2018-01-01
147125,212863,17,,2018-01-01
109161,255781,39,,2018-01-01
102517,311389,26,5.0,2018-01-01
48907,239160,31,,2018-01-01
16074,306533,4,,2018-01-01
122162,211903,94,,2018-01-01
125935,147973,71,,2018-01-01
18221,41789,63,,2018-01-01
39647,280817,0,,2018-01-01
28618,229597,0,,2018-01-01
115070,69846,85,,2018-01-01
107609,292296,1,,2018-01-01
45374,274399,15,,2018-01-01
23969,49181,56,,2018-01-01
92025,34852,57,4.0,2018-01-01
70486,219847,89,,2018-01-01
43416,292296,100,,2018-01-01
118750,121425,30,,2018-01-01
61719,297926,3,,2018-01-01
110192,161866,100,,2018-01-01
133025,188951,92,,2018-01-01
125200,12574,36,,2018-01-01
139548,234885,70,,2018-01-01
46773,3844,12,,2018-01-01
122546,153300,48,,2018-01-01
46340,165454,94,5.0,2018-01-01
8254,60202,100,,2018-01-01
59508,233219,64,,2018-01-01
140992,260725,91,5.0,2018-01-01
106013,239136,33,5.0,2018-01-01
14189,137191,38,3.0,2018-01-01
39902,302213,32,,2018-01-01
83598,306904,43,,2018-01-01
109896,229597,47,,2018-01-01
95770,214464,87,,2018-01-01
68411,114935,38,,2018-01-01
53207,229597,100,,2018-01-01
104018,229597,7,,2018-01-01
97068,164431,1,,2018-01-01
130108,249647,44,,2018-01-01
13514,312033,41,,2018-01-01
40184,128111,100,,2018-01-01
147168,76694,17,,2018-01-01
58868,164458,100,,2018-01-01
55263,80651,31,,2018-01-01
43907,203662,20,5.0,2018-01-01
99355,249281,100,,2018-01-01
110053,141651,86,,2018-01-01
95067,165632,6,,2018-01-01
47427,46915,54,,2018-01-01
97128,245669,1,,2018-01-01
121226,316479,0,,2018-01-01
1586,303038,97,,2018-01-01
27854,234380,7,5.0,2018-01-01
84491,177525,78,,2018-01-01
19683,214544,78,,2018-01-01
24438,42799,2,,2018-01-01
154409,123474,71,3.0,2018-01-01
36408,222829,83,,2018-01-01
76041,91717,58,,2018-01-01
65435,205670,42,,2018-01-01
49425,296813,85,4.0,2018-01-01
153683,48786,100,,2018-01-01
120073,52572,94,,2018-01-01
132122,9550,47,,2018-01-01
144294,50804,50,,2018-01-01
157026,67513,52,,2018-01-01
85430,76982,30,,2018-01-01
71298,244817,14,,2018-01-01
83252,277031,55,,2018-01-01
8389,279527,31,5.0,2018-01-01
140848,179889,50,,2018-01-01
123405,188641,71,,2018-01-01
109896,246172,0,,2018-01-01
74374,297376,30,,2018-01-01
138261,187620,4,,2018-01-01
8603,13462,100,,2018-01-01
121394,97060,14,,2018-01-01
63330,170762,83,,2018-01-01
86712,286566,0,,2018-01-01
77907,15449,99,,2018-01-01
20399,205281,90,,2018-01-01
147939,197058,0,,2018-01-01
27780,202790,81,,2018-01-01
71961,110884,84,,2018-01-01
155985,24892,43,,2018-01-01
4551,254703,80,,2018-01-01
60730,275537,73,3.0,2018-01-01
34638,267989,96,,2018-01-01
3035,83933,19,,2018-01-01
60786,1837,28,3.0,2018-01-01
109896,212223,60,,2018-01-01
151999,255164,26,5.0,2018-01-01
798,169296,32,,2018-01-01
103865,296862,39,,2018-01-01
109355,172472,96,,2018-01-01
29367,281062,50,,2018-01-01
13593,234402,35,,2018-01-01
150445,155634,6,,2018-01-01
125529,18527,73,,2018-01-01
50019,207060,80,,2018-01-01
95886,307229,78,,2018-01-01
150367,276415,0,,2018-01-01
63823,72337,17,4.0,2018-01-01
49476,262934,13,,2018-01-01
18947,119138,20,5.0,2018-01-01
105407,68102,0,,2018-01-01
13735,74346,5,,2018-01-01
9726,56084,1,,2018-01-01
36917,51784,23,,2018-01-01
37039,140050,9,,2018-01-01
152028,114922,56,,2018-01-01
69849,263801,48,4.0,2018-01-01
19009,53645,14,,2018-01-01
106595,110654,44,,2018-01-01
2444,53768,73,,2018-01-01
155965,201852,80,,2018-01-01
89775,42783,30,,2018-01-01
84892,193825,43,3.0,2018-01-01
110922,59903,95,,2018-01-01
5527,266928,63,5.0,2018-01-01
147724,35751,64,,2018-01-01
137792,138686,70,,2018-01-01
119823,36328,42,5.0,2018-01-01
30451,174439,70,,2018-01-01
119365,181048,7,,2018-01-01
24756,295470,33,,2018-01-01
154398,29673,44,,2018-01-01
135778,67091,35,,2018-01-01
92428,298845,9,,2018-01-01
132581,271973,1,,2018-01-01
22142,215841,88,,2018-01-01
97463,225881,59,,2018-01-01
82057,170070,62,,2018-01-01
157539,97012,38,5.0,2018-01-01
98523,124876,79,,2018-01-01
115131,69523,92,,2018-01-01
154012,156325,0,,2018-01-01
29860,320103,51,,2018-01-01
2227,298558,53,,2018-01-01
47388,239857,19,,2018-01-01
125160,252768,79,,2018-01-01
93056,1722,37,5.0,2018-01-01
10203,2519,100,,2018-01-01
95410,175186,2,,2018-01-01
135783,252539,28,,2018-01-01
101216,252765,54,,2018-01-01
40955,252765,100,,2018-01-01
46749,195334,46,5.0,2018-01-01
154657,197416,40,,2018-01-01
73127,239683,40,,2018-01-01
77820,283467,63,,2018-01-01
148396,266524,12,,2018-01-01
99294,99265,55,,2018-01-01
21217,133722,18,,2018-01-01
109896,60193,0,,2018-01-01
158524,293179,43,,2018-01-01
8603,107461,100,,2018-01-01
95310,37544,45,,2018-01-01
103113,54306,49,,2018-01-01
70132,26873,43,,2018-01-01
15598,228636,68,,2018-01-01
142905,86686,49,,2018-01-01
58868,155145,100,,2018-01-01
143875,255027,72,,2018-01-01
18683,209198,64,,2018-01-01
61399,172925,35,,2018-01-01
132104,223703,8,,2018-01-01
147273,190199,39,3.0,2018-01-01
37460,298000,9,,2018-01-01
137563,141426,100,,2018-01-01
48031,290159,86,3.0,2018-01-01
34559,103089,58,,2018-01-01
26463,128772,51,,2018-01-01
13258,83599,12,5.0,2018-01-01
136731,274918,76,4.0,2018-01-01
29627,66966,57,,2018-01-01
70210,137648,0,,2018-01-01
100082,270353,28,,2018-01-01
54646,305495,83,,2018-01-01
86848,139316,99,,2018-01-01
37888,137648,51,,2018-01-01
112689,22816,71,,2018-01-01
127955,70361,99,,2018-01-01
129678,23848,56,5.0,2018-01-01
19659,6666,94,,2018-01-01
67754,38198,100,,2018-01-01
12846,113640,47,,2018-01-01
64836,125565,70,,2018-01-01
120080,153779,12,,2018-01-01
86347,310657,42,,2018-01-01
129600,202632,22,,2018-01-01
76748,287551,23,5.0,2018-01-01
54907,273821,95,,2018-01-01
135324,257643,80,5.0,2018-01-01
97167,213719,61,,2018-01-01
19688,227107,66,,2018-01-01
146477,10707,64,,2018-01-01
84148,124211,17,,2018-01-01
157125,206929,3,,2018-01-01
35550,46692,28,5.0,2018-01-01
108143,7065,98,5.0,2018-01-01
47100,295007,5,,2018-01-01
115070,241371,82,,2018-01-01
84711,279681,54,5.0,2018-01-01
22228,275336,33,,2018-01-01
21760,174915,60,,2018-01-01
20865,249955,0,,2018-01-01
72544,314261,86,,2018-01-01
5513,167487,24,,2018-01-01
151177,102164,60,5.0,2018-01-01
1758,42415,70,,2018-01-01
79888,119454,35,,2018-01-01
96995,103717,33,,2018-01-01
143995,143448,39,,2018-01-01
132581,199931,0,,2018-01-01
85673,208504,100,4.0,2018-01-01
28923,36148,0,,2018-01-01
60881,227111,74,,2018-01-01
57005,74975,80,,2018-01-01
118735,260166,57,,2018-01-01
6183,4999,86,5.0,2018-01-01
90773,317103,2,5.0,2018-01-01
15299,214166,83,,2018-01-01
116576,225327,64,,2018-01-01
132547,112789,67,,2018-01-01
122651,301419,76,,2018-01-01
21443,145083,85,,2018-01-01
12517,258372,81,,2018-01-01
86431,309445,100,,2018-01-01
55360,84509,64,,2018-01-01
33075,252942,21,,2018-01-01
58619,9819,81,,2018-01-01
146259,276823,17,,2018-01-01
156122,58894,0,4.0,2018-01-01
104661,261831,100,,2018-01-01
92564,114351,100,,2018-01-01
141957,147736,100,5.0,2018-01-01
7880,320932,92,,2018-01-01
151810,266507,100,,2018-01-01
56571,266507,0,,2018-01-01
78203,290519,97,,2018-01-01
102212,276083,60,,2018-01-01
982,47484,15,,2018-01-01
25210,22807,66,,2018-01-01
137592,60805,28,5.0,2018-01-01
58041,189986,70,5.0,2018-01-01
12666,217310,33,5.0,2018-01-01
9726,235505,100,,2018-01-01
109896,167815,36,,2018-01-01
103441,102908,11,,2018-01-01
121565,110817,100,4.0,2018-01-01
77873,41842,47,,2018-01-01
46448,89759,19,5.0,2018-01-01
151676,157163,80,,2018-01-01
78654,168146,31,,2018-01-01
56875,316140,20,,2018-01-01
126515,228824,83,,2018-01-01
4339,208202,100,,2018-01-01
78579,149197,50,,2018-01-01
109896,65830,71,,2018-01-01
99778,4612,1,,2018-01-01
9796,167815,1,,2018-01-01
107824,225519,60,,2018-01-01
3720,320024,92,,2018-01-01
55502,291301,54,,2018-01-01
153708,97335,35,,2018-01-01
89074,113072,27,,2018-01-01
8771,216122,33,,2018-01-01
98475,138793,86,,2018-01-01
105213,246254,100,2.0,2018-01-01
55191,67500,14,,2018-01-01
59912,201202,64,,2018-01-01
155970,255254,74,,2018-01-01
135676,20528,15,,2018-01-01
105831,256570,32,,2018-01-01
58017,146776,32,,2018-01-01
127660,88429,11,5.0,2018-01-01
138703,260295,60,,2018-01-01
70210,188893,0,,2018-01-01
37209,83911,31,5.0,2018-01-01
50750,314309,40,,2018-01-01
61183,70054,54,,2018-01-01
124472,77048,97,,2018-01-01
19273,311389,83,,2018-01-01
40617,60625,10,,2018-01-01
148856,289573,97,,2018-01-01
31568,120387,12,,2018-01-01
103798,71756,66,,2018-01-01
102108,79466,9,,2018-01-01
141052,135981,14,,2018-01-01
109896,238727,0,,2018-01-01
31842,70655,16,,2018-01-01
156140,238727,1,,2018-01-01
103768,317883,21,,2018-01-01
115070,237169,81,,2018-01-01
49105,237496,49,,2018-01-01
152759,128345,49,,2018-01-01
111111,275001,100,,2018-01-01
50922,115882,71,,2018-01-01
9726,144939,100,,2018-01-01
70028,104092,3,,2018-01-01
137103,248931,100,,2018-01-01
7549,203787,32,5.0,2018-01-01
151378,143015,49,,2018-01-01
53532,121640,97,,2018-01-01
12786,92095,12,,2018-01-01
158439,271319,29,,2018-01-01
150367,227995,0,,2018-01-01
35215,60078,37,,2018-01-01
137353,240378,93,,2018-01-01
46149,93801,36,,2018-01-01
116174,32608,18,,2018-01-01
146644,308733,0,,2018-01-01
61256,18230,28,,2018-01-01
134996,24213,89,5.0,2018-01-01
90037,170735,4,,2018-01-01
132715,31765,64,,2018-01-01
20314,61803,48,5.0,2018-01-01
89352,117859,14,,2018-01-01
94086,101595,2,,2018-01-01
72903,219738,3,,2018-01-01
49328,71469,73,,2018-01-01
89535,302451,17,5.0,2018-01-01
46579,203879,87,,2018-01-01
151891,181646,73,5.0,2018-01-01
37851,78637,67,,2018-01-01
48209,110012,84,,2018-01-01
67147,103102,1,,2018-01-01
45602,284962,9,,2018-01-01
156376,256001,53,3.0,2018-01-01
126444,200866,48,,2018-01-01
103843,16570,32,,2018-01-01
50402,168307,81,,2018-01-01
53815,271940,13,,2018-01-01
67654,108617,25,,2018-01-01
21407,241020,100,,2018-01-01
83680,151331,96,,2018-01-01
8714,132253,73,,2018-01-01
1985,15595,100,,2018-01-01
27174,128024,2,,2018-01-01
32150,219173,49,,2018-01-01
25990,31098,84,,2018-01-01
51620,17273,100,,2018-01-01
133888,197820,36,,2018-01-01
88881,196079,55,,2018-01-01
88689,80676,73,,2018-01-01
104394,154907,91,,2018-01-01
90887,282324,49,,2018-01-01
78839,299892,51,,2018-01-01
123642,19934,29,,2018-01-01
131919,39917,18,,2018-01-01
80441,110050,9,,2018-01-01
31618,138990,83,,2018-01-01
144706,123061,19,5.0,2018-01-01
147458,46567,69,,2018-01-01
27518,110050,9,,2018-01-01
102020,40199,20,,2018-01-01
130531,57537,39,,2018-01-01
58528,147934,2,1.0,2018-01-01
108988,185890,90,,2018-01-01
17023,49665,31,,2018-01-01
116941,122473,41,,2018-01-01
22827,17992,0,,2018-01-01
145404,165713,74,,2018-01-01
74974,311668,2,,2018-01-01
109896,108655,56,,2018-01-01
78354,130871,10,,2018-01-01
70810,94733,40,,2018-01-01
77499,286641,3,5.0,2018-01-01
11243,23801,69,,2018-01-01
70803,21824,88,,2018-01-01
80491,24262,62,,2018-01-01
44379,243720,16,,2018-01-01
64895,313581,21,,2018-01-01
77198,167728,3,5.0,2018-01-01
71151,238138,12,,2018-01-01
27507,30666,77,,2018-01-01
137595,160014,5,5.0,2018-01-01
96321,63139,46,5.0,2018-01-01
125665,93927,37,5.0,2018-01-01
145216,36650,71,,2018-01-01
54592,200795,16,,2018-01-01
60631,126091,75,,2018-01-01
104553,43515,3,,2018-01-01
150566,284289,0,,2018-01-01
14178,149104,52,,2018-01-01
62386,51468,61,,2018-01-01
45897,304559,30,,2018-01-01
53834,24067,90,,2018-01-01
127121,255730,36,,2018-01-01
60978,310475,62,,2018-01-01
48691,113367,38,,2018-01-01
78337,223821,77,,2018-01-01
58300,192087,0,,2018-01-01
43789,271392,94,,2018-01-01
145019,77360,58,,2018-01-01
145018,213322,1,,2018-01-01
94963,6417,0,,2018-01-01
72953,160665,33,,2018-01-01
4076,303834,54,,2018-01-01
90494,117842,15,,2018-01-01
109822,283365,63,,2018-01-01
148478,254396,56,,2018-01-01
63959,3317,85,5.0,2018-01-01
10059,303901,16,,2018-01-01
46454,222290,36,,2018-01-01
77436,276335,4,,2018-01-01
151707,318842,83,4.0,2018-01-01
33939,135011,66,4.0,2018-01-01
15823,37368,33,,2018-01-01
18065,80536,10,,2018-01-01
19692,279519,83,,2018-01-01
75019,198346,3,,2018-01-01
84222,161800,1,,2018-01-01
36549,40086,50,5.0,2018-01-01
140731,89505,99,,2018-01-01
130566,37479,23,,2018-01-01
146478,240262,66,,2018-01-01
10203,254215,2,,2018-01-01
101546,288240,20,,2018-01-01
153537,188740,7,,2018-01-01
94075,254338,100,,2018-01-01
6582,14406,52,,2018-01-01
113358,300972,98,,2018-01-01
14145,54448,8,,2018-01-01
22433,214593,10,,2018-01-01
8603,44680,100,,2018-01-01
28618,94079,0,,2018-01-01
66995,249443,33,,2018-01-01
87750,94079,100,4.0,2018-01-01
114219,108674,0,,2018-01-01
71226,317714,34,,2018-01-01
3349,240780,72,,2018-01-01
95406,14867,28,,2018-01-01
148497,114356,31,,2018-01-01
28287,220484,68,,2018-01-01
14216,300152,31,,2018-01-01
71838,47652,76,1.0,2018-01-01
146322,148987,50,,2018-01-01
96876,316413,100,5.0,2018-01-01
138765,177643,38,,2018-01-01
42557,82531,100,,2018-01-01
131730,280240,38,,2018-01-01
133459,198845,57,,2018-01-01
55130,138770,79,,2018-01-01
20530,278957,6,,2018-01-01
65152,249495,46,,2018-01-01
34200,249106,12,5.0,2018-01-01
25026,278044,73,,2018-01-01
6430,186771,26,,2018-01-01
4802,177015,64,5.0,2018-01-01
136349,197174,1,,2018-01-01
98924,234393,35,,2018-01-01
36246,206082,41,,2018-01-01
15581,90560,29,,2018-01-01
119962,24043,21,1.0,2018-01-01
33992,158026,75,,2018-01-01
125776,160606,2,5.0,2018-01-01
98474,66248,8,,2018-01-01
137810,44207,73,,2018-01-01
116898,93387,40,5.0,2018-01-01
102584,212014,0,,2018-01-01
22543,212014,94,,2018-01-01
7738,208959,13,,2018-01-01
11206,212014,2,,2018-01-01
33626,206347,64,,2018-01-01
43903,280161,56,,2018-01-01
154906,126757,62,,2018-01-01
82066,255710,11,,2018-01-01
147204,103315,97,,2018-01-01
339,137024,55,,2018-01-01
80223,212014,10,,2018-01-01
90153,54880,49,,2018-01-01
4637,247316,44,5.0,2018-01-01
124448,306239,42,,2018-01-01
24240,98288,17,,2018-01-01
17832,208005,19,,2018-01-01
26817,218134,75,,2018-01-01
54367,265169,89,,2018-01-01
20023,202274,35,5.0,2018-01-01
102668,41867,80,,2018-01-01
42233,116181,40,,2018-01-01
100605,113028,60,,2018-01-01
111311,98295,36,,2018-01-01
150566,101001,0,,2018-01-01
55682,63559,78,,2018-01-01
71879,229704,66,,2018-01-01
137718,33486,14,,2018-01-01
126688,299101,38,,2018-01-01
132581,52331,0,,2018-01-01
31393,216629,30,,2018-01-01
91221,276491,28,,2018-01-01
53002,211827,27,5.0,2018-01-01
129329,243881,67,,2018-01-01
58198,11901,36,4.0,2018-01-01
109896,194892,80,,2018-01-01
34357,67377,25,,2018-01-01
79824,168895,81,,2018-01-01
24438,135975,100,2.0,2018-01-01
109896,185666,1,,2018-01-01
86301,67787,13,,2018-01-01
83329,2974,59,,2018-01-01
38241,90099,53,,2018-01-01
123148,274359,6,,2018-01-01
117244,287817,32,,2018-01-01
23517,122565,63,,2018-01-01
137116,221849,87,5.0,2018-01-01
157442,169199,11,,2018-01-01
138118,167186,19,,2018-01-01
31006,179550,84,,2018-01-01
105243,14316,6,,2018-01-01
114112,270477,87,,2018-01-01
112491,248579,34,,2018-01-01
84620,151941,76,5.0,2018-01-01
6207,98945,75,,2018-01-01
5174,69997,100,5.0,2018-01-01
37427,220494,20,5.0,2018-01-01
139195,38775,40,,2018-01-01
30190,109512,29,,2018-01-01
63959,110171,0,,2018-01-01
100786,286466,17,5.0,2018-01-01
73209,113111,56,,2018-01-01
33075,8653,1,,2018-01-01
109896,315726,56,,2018-01-01
158165,46327,98,,2018-01-01
143601,20690,16,,2018-01-01
40925,312937,45,,2018-01-01
25105,121927,27,,2018-01-01
49555,7987,51,,2018-01-01
82384,189431,76,,2018-01-01
66619,59971,11,,2018-01-01
139100,90225,100,,2018-01-01
38946,79000,12,,2018-01-01
50008,139223,84,,2018-01-01
53851,64458,81,,2018-01-01
23166,281005,72,,2018-01-01
63959,281005,22,,2018-01-01
99602,155949,8,,2018-01-01
126198,17898,41,5.0,2018-01-01
130073,90225,100,,2018-01-01
59448,207984,57,,2018-01-01
100742,90216,52,,2018-01-01
97761,218025,10,,2018-01-01
103468,293043,85,5.0,2018-01-01
114592,90225,100,,2018-01-01
140355,16450,6,,2018-01-01
141998,312771,0,,2018-01-01
86469,204439,43,,2018-01-01
104095,48843,2,,2018-01-01
141653,167673,38,,2018-01-01
155073,11772,2,,2018-01-01
101824,61689,23,,2018-01-01
115873,130744,6,,2018-01-01
145006,31959,5,,2018-01-01
20538,90225,4,,2018-01-01
26697,185441,81,,2018-01-01
4386,248048,8,,2018-01-01
54367,151876,99,,2018-01-01
135681,181351,58,5.0,2018-01-01
8509,113911,13,,2018-01-01
137956,290663,2,,2018-01-01
79233,266358,81,,2018-01-01
54344,281358,65,,2018-01-01
123038,184602,67,,2018-01-01
137283,157665,16,5.0,2018-01-01
67743,90225,7,,2018-01-01
83740,215816,11,,2018-01-01
45441,140151,41,5.0,2018-01-01
86151,130187,11,,2018-01-01
53102,127775,63,,2018-01-01
50985,96726,42,,2018-01-01
1985,200161,83,,2018-01-01
34402,90225,99,,2018-01-01
92098,216874,42,,2018-01-01
150275,298244,52,,2018-01-01
115070,209998,1,,2018-01-01
139551,90225,0,,2018-01-01
62444,2540,100,,2018-01-01
24116,229814,32,,2018-01-01
22281,67882,2,5.0,2018-01-01
109611,196986,81,,2018-01-01
38649,40311,29,,2018-01-01
33535,99660,55,,2018-01-01
40829,9884,88,,2018-01-01
45585,237836,2,5.0,2018-01-01
144610,279065,38,5.0,2018-01-01
30254,85012,42,,2018-01-01
99744,135699,3,,2018-01-01
124520,240791,39,,2018-01-01
12687,204393,23,,2018-01-01
20844,294386,91,5.0,2018-01-01
135535,302201,30,3.0,2018-01-01
4308,225928,53,3.0,2018-01-01
16697,47625,1,,2018-01-01
113630,317675,64,,2018-01-01
101973,221058,62,,2018-01-01
82604,183613,55,5.0,2018-01-01
152488,292688,32,,2018-01-01
71730,104009,74,,2018-01-01
13632,160094,54,5.0,2018-01-01
55730,309240,8,,2018-01-01
55960,188023,81,4.0,2018-01-01
79373,17376,7,,2018-01-01
40708,281005,33,,2018-01-01
42351,170394,74,5.0,2018-01-01
121003,318451,51,5.0,2018-01-01
13578,281005,0,,2018-01-01
80716,82431,25,5.0,2018-01-01
91128,281005,100,,2018-01-01
66870,281005,100,,2018-01-01
134660,229652,40,,2018-01-01
99829,90225,1,,2018-01-01
9080,9642,74,5.0,2018-01-01
121465,90225,100,,2018-01-01
94063,90225,0,,2018-01-01
70293,19083,72,,2018-01-01
142257,78057,38,,2018-01-01
158819,281005,13,,2018-01-01
121989,34868,33,3.0,2018-01-01
118749,131194,33,,2018-01-01
85947,249775,59,,2018-01-01
54907,30721,97,,2018-01-01
16344,287782,52,,2018-01-01
